{
    "overall_accuracy": 0.8693972179289027,
    "per_class_metrics": {
        "Angry": {
            "precision": 0.7714285714285715,
            "recall": 0.8244274809160306,
            "f1_score": 0.7970479704797048,
            "support": 262
        },
        "Sad": {
            "precision": 0.9201570680628273,
            "recall": 0.8944020356234097,
            "f1_score": 0.9070967741935484,
            "support": 786
        },
        "Surprise": {
            "precision": 0.824,
            "recall": 0.8373983739837398,
            "f1_score": 0.8306451612903226,
            "support": 246
        }
    }
}