{
    "accuracy": [
        0.38712164759635925,
        0.39849624037742615,
        0.43319839239120483,
        0.450163871049881,
        0.4632735550403595,
        0.47869673371315,
        0.4894929528236389,
        0.4985540807247162,
        0.5130133032798767,
        0.5189898014068604,
        0.5303643941879272,
        0.5457875728607178,
        0.5482938289642334,
        0.5413534045219421,
        0.5509928464889526,
        0.5533063411712646,
        0.5623674392700195,
        0.5698862671852112,
        0.5774050354957581,
        0.5829959511756897,
        0.618854820728302,
        0.6828609704971313,
        0.6849817037582397,
        0.7146713137626648,
        0.733757495880127,
        0.762675940990448,
        0.7755928039550781,
        0.7817621231079102,
        0.8060535788536072,
        0.8075959086418152,
        0.8158858418464661,
        0.8168498277664185,
        0.8178137540817261,
        0.8187777400016785,
        0.8361287713050842,
        0.8467321991920471,
        0.8523231148719788,
        0.8529014587402344,
        0.8502024412155151,
        0.8556005358695984,
        0.8438403606414795,
        0.8650472164154053,
        0.8509736061096191,
        0.861962616443634,
        0.8687102198600769,
        0.8663967847824097,
        0.8698669672012329,
        0.8770002126693726,
        0.8808559775352478,
        0.8870252370834351,
        0.8764218091964722,
        0.8939656615257263,
        0.8822054862976074,
        0.8698669672012329,
        0.8904954791069031,
        0.8931944966316223,
        0.9093888401985168,
        0.8982070684432983,
        0.9012916684150696,
        0.9055330753326416,
        0.9057258367538452,
        0.9128590822219849
    ],
    "val_accuracy": [
        0.46445131301879883,
        0.4953632056713104,
        0.5347759127616882,
        0.5378670692443848,
        0.5718701481819153,
        0.5703245997428894,
        0.568006157875061,
        0.5811437368392944,
        0.5765069723129272,
        0.5888717174530029,
        0.5927357077598572,
        0.5896444916725159,
        0.58809894323349,
        0.5942813158035278,
        0.5911900997161865,
        0.5965996980667114,
        0.6051004528999329,
        0.6058732867240906,
        0.6035548448562622,
        0.6066460609436035,
        0.6676970720291138,
        0.6916537880897522,
        0.7047913670539856,
        0.7519319653511047,
        0.7851622700691223,
        0.7156105041503906,
        0.7217928767204285,
        0.7581143975257874,
        0.8137558102607727,
        0.812982976436615,
        0.828438937664032,
        0.7063369154930115,
        0.8307573199272156,
        0.8323029279708862,
        0.8222565650939941,
        0.8369396924972534,
        0.8307573199272156,
        0.8153014183044434,
        0.6514683365821838,
        0.8454405069351196,
        0.78593510389328,
        0.8068006038665771,
        0.7225657105445862,
        0.8098918199539185,
        0.827666163444519,
        0.8353941440582275,
        0.8408036828041077,
        0.8686244487762451,
        0.8608964681625366,
        0.8693972229957581,
        0.8392581343650818,
        0.8083462119102478,
        0.8523956537246704,
        0.8400309085845947,
        0.8531684875488281,
        0.8686244487762451,
        0.833075761795044,
        0.8369396924972534,
        0.8670788407325745,
        0.8469861149787903,
        0.8562596440315247,
        0.8632148504257202
    ],
    "loss": [
        2.543741226196289,
        2.323514699935913,
        2.216109037399292,
        2.171638250350952,
        2.1111719608306885,
        2.0913615226745605,
        2.0362963676452637,
        2.019843101501465,
        1.9884086847305298,
        1.9729331731796265,
        1.9232791662216187,
        1.9264698028564453,
        1.8906583786010742,
        1.897492527961731,
        1.8666658401489258,
        1.8548860549926758,
        1.8352981805801392,
        1.8244969844818115,
        1.7935856580734253,
        1.776350975036621,
        1.669063687324524,
        1.5515191555023193,
        1.5434842109680176,
        1.4815895557403564,
        1.4349312782287598,
        1.4001039266586304,
        1.3638397455215454,
        1.3433433771133423,
        1.3285027742385864,
        1.2981497049331665,
        1.269334077835083,
        1.2899295091629028,
        1.2758036851882935,
        1.2577661275863647,
        1.2169102430343628,
        1.1906987428665161,
        1.1731394529342651,
        1.1524240970611572,
        1.1471456289291382,
        1.158624291419983,
        1.1696044206619263,
        1.1234021186828613,
        1.1337369680404663,
        1.1052038669586182,
        1.0881553888320923,
        1.1320971250534058,
        1.0928187370300293,
        1.0844591856002808,
        1.0773907899856567,
        1.050407886505127,
        1.069820523262024,
        1.0403512716293335,
        1.076117992401123,
        1.0972161293029785,
        1.0310235023498535,
        1.0226835012435913,
        0.9992766380310059,
        1.0195457935333252,
        1.0096698999404907,
        1.0037838220596313,
        0.9839386940002441,
        0.97968989610672
    ],
    "val_loss": [
        2.1023306846618652,
        2.05191969871521,
        2.0159430503845215,
        2.006789445877075,
        1.9838955402374268,
        1.9821268320083618,
        1.9748531579971313,
        1.954972505569458,
        1.956763505935669,
        1.944693684577942,
        1.9360787868499756,
        1.9305070638656616,
        1.9268332719802856,
        1.9210293292999268,
        1.9042797088623047,
        1.9127368927001953,
        1.907534122467041,
        1.8996446132659912,
        1.9060488939285278,
        1.8986822366714478,
        1.7476065158843994,
        1.6132715940475464,
        1.666212797164917,
        1.5376050472259521,
        1.4818828105926514,
        1.79422128200531,
        1.791621446609497,
        1.5880577564239502,
        1.374295949935913,
        1.3713440895080566,
        1.3250418901443481,
        1.53822922706604,
        1.3612899780273438,
        1.279120922088623,
        1.375963568687439,
        1.2787494659423828,
        1.3241026401519775,
        1.3741570711135864,
        3.0433030128479004,
        1.230849266052246,
        1.4768762588500977,
        1.345890998840332,
        1.8911316394805908,
        1.3955497741699219,
        1.2662935256958008,
        1.228484034538269,
        1.218567132949829,
        1.1784448623657227,
        1.1679061651229858,
        1.1462916135787964,
        1.2353781461715698,
        1.4773443937301636,
        1.1903787851333618,
        1.2340171337127686,
        1.233327865600586,
        1.155578374862671,
        1.3423550128936768,
        1.281343936920166,
        1.1851164102554321,
        1.2388944625854492,
        1.1858481168746948,
        1.1677731275558472
    ]
}