{
    "accuracy": [
        0.3840370178222656,
        0.41102758049964905,
        0.44804319739341736,
        0.46770772337913513,
        0.5022170543670654,
        0.5205320715904236,
        0.5612106919288635,
        0.5804896950721741,
        0.5870445370674133,
        0.5864661931991577,
        0.6070946455001831,
        0.6205899119377136,
        0.6246384978294373,
        0.6498939394950867,
        0.648544430732727,
        0.6670522689819336,
        0.6761133670806885,
        0.7058029770851135,
        0.7000192999839783,
        0.7090803980827332,
        0.7229612469673157,
        0.721611738204956,
        0.7233468294143677,
        0.7408906817436218,
        0.7538076043128967,
        0.763832688331604,
        0.7613263726234436,
        0.7551571130752563,
        0.7630615234375,
        0.7775207161903381,
        0.7684596180915833,
        0.7827260494232178,
        0.7852323055267334,
        0.7860034704208374,
        0.786581814289093,
        0.7952573895454407,
        0.791594386100769,
        0.7937150597572327,
        0.7991131544113159,
        0.8029689788818359,
        0.8060535788536072,
        0.7991131544113159,
        0.8128012418746948,
        0.8021978139877319,
        0.8045112490653992,
        0.8095238208770752,
        0.8207055926322937,
        0.8185849189758301,
        0.8205128312110901,
        0.8176209926605225
    ],
    "loss": [
        1.881213903427124,
        1.6138110160827637,
        1.4853267669677734,
        1.411428451538086,
        1.343018889427185,
        1.291970133781433,
        1.2084680795669556,
        1.1601873636245728,
        1.1162652969360352,
        1.0863276720046997,
        0.9988590478897095,
        0.9640102982521057,
        0.929436981678009,
        0.8714913725852966,
        0.8471347093582153,
        0.8208602666854858,
        0.7718746662139893,
        0.7302507162094116,
        0.7153545618057251,
        0.6993449926376343,
        0.6779499650001526,
        0.6778679490089417,
        0.6634114384651184,
        0.6239287257194519,
        0.6000207662582397,
        0.6011406779289246,
        0.59489506483078,
        0.5857663750648499,
        0.5662767887115479,
        0.5517475605010986,
        0.5504396557807922,
        0.5114920139312744,
        0.5250781178474426,
        0.5080207586288452,
        0.5107985138893127,
        0.49791622161865234,
        0.49762943387031555,
        0.47915729880332947,
        0.4789592921733856,
        0.46928906440734863,
        0.46420565247535706,
        0.46953001618385315,
        0.4766213297843933,
        0.47332707047462463,
        0.46430182456970215,
        0.45334410667419434,
        0.4383868873119354,
        0.4433319866657257,
        0.43463027477264404,
        0.42847928404808044
    ],
    "val_accuracy": [
        0.17697063088417053,
        0.21329212188720703,
        0.40262749791145325,
        0.4605873227119446,
        0.530911922454834,
        0.28902626037597656,
        0.5324574708938599,
        0.515455961227417,
        0.568006157875061,
        0.5131375789642334,
        0.5548686385154724,
        0.6553323268890381,
        0.5703245997428894,
        0.6058732867240906,
        0.6120556592941284,
        0.599690854549408,
        0.6777434349060059,
        0.7032457590103149,
        0.7256568670272827,
        0.7233384847640991,
        0.6970633864402771,
        0.6731066703796387,
        0.687017023563385,
        0.6684698462486267,
        0.7534775733947754,
        0.7086553573608398,
        0.7612055540084839,
        0.7225657105445862,
        0.7202472686767578,
        0.7248840928077698,
        0.7527047991752625,
        0.7380216121673584,
        0.7565687894821167,
        0.7666151523590088,
        0.7496135830879211,
        0.7503864169120789,
        0.7341576218605042,
        0.7805255055427551,
        0.7511591911315918,
        0.7758887410163879,
        0.7797527313232422,
        0.8044822216033936,
        0.7511591911315918,
        0.7488408088684082,
        0.7357032299041748,
        0.7797527313232422,
        0.7851622700691223,
        0.7882534861564636,
        0.7843894958496094,
        0.7990726232528687
    ],
    "val_loss": [
        2.05885648727417,
        1.6637555360794067,
        1.500990390777588,
        1.4944149255752563,
        1.3260740041732788,
        1.4986696243286133,
        1.3430938720703125,
        1.2682414054870605,
        1.191470980644226,
        1.2218033075332642,
        1.1853982210159302,
        0.9540717601776123,
        1.3618372678756714,
        1.0082662105560303,
        1.0343999862670898,
        0.9624625444412231,
        0.8749080896377563,
        0.8460178971290588,
        0.7464398741722107,
        0.8007535338401794,
        0.7963224053382874,
        0.8685323596000671,
        0.7886978387832642,
        0.7697909474372864,
        0.678067684173584,
        0.7847241163253784,
        0.6436065435409546,
        0.7168172001838684,
        0.7327839732170105,
        0.6882644891738892,
        0.6583924293518066,
        0.658261239528656,
        0.6461353898048401,
        0.6205475926399231,
        0.630092978477478,
        0.6270389556884766,
        0.6798039674758911,
        0.5916528105735779,
        0.657910943031311,
        0.590110182762146,
        0.6262311935424805,
        0.5738047361373901,
        0.6449053883552551,
        0.6748878955841064,
        0.6413713097572327,
        0.5828777551651001,
        0.5725612044334412,
        0.5593007206916809,
        0.5837996006011963,
        0.5587275624275208
    ],
    "learning_rate": [
        0.0010000000474974513,
        0.0010000000474974513,
        0.0010000000474974513,
        0.0010000000474974513,
        0.0010000000474974513,
        0.0010000000474974513,
        0.0010000000474974513,
        0.0010000000474974513,
        0.0010000000474974513,
        0.0010000000474974513,
        0.0010000000474974513,
        0.0010000000474974513,
        0.0010000000474974513,
        0.0010000000474974513,
        0.0010000000474974513,
        0.0010000000474974513,
        0.0005000000237487257,
        0.0005000000237487257,
        0.0005000000237487257,
        0.0005000000237487257,
        0.0005000000237487257,
        0.0005000000237487257,
        0.0005000000237487257,
        0.0002500000118743628,
        0.0002500000118743628,
        0.0002500000118743628,
        0.0002500000118743628,
        0.0002500000118743628,
        0.0002500000118743628,
        0.0002500000118743628,
        0.0002500000118743628,
        0.0001250000059371814,
        0.0001250000059371814,
        0.0001250000059371814,
        0.0001250000059371814,
        0.0001250000059371814,
        0.0001250000059371814,
        0.0001250000059371814,
        0.0001250000059371814,
        0.0001250000059371814,
        0.0001250000059371814,
        0.0001250000059371814,
        0.0001250000059371814,
        0.0001250000059371814,
        0.0001250000059371814,
        0.0001250000059371814,
        6.25000029685907e-05,
        6.25000029685907e-05,
        6.25000029685907e-05,
        6.25000029685907e-05
    ]
}