{
    "model_name": "cnn_model",
    "timestamp": "20251224_023624",
    "architecture": "Custom CNN",
    "input_shape": [
        128,
        128,
        3
    ],
    "num_classes": 3,
    "class_names": [
        "Angry",
        "Sad",
        "Surprise"
    ],
    "class_weights": {
        "0": 1.6453414572226452,
        "1": 0.5491442128452805,
        "2": 1.7506753106428958
    },
    "total_params": 685091,
    "training_samples": 5187,
    "validation_samples": 1294,
    "batch_size": 32,
    "epochs_trained": 50,
    "final_train_accuracy": 0.8176209926605225,
    "final_val_accuracy": 0.7990726232528687,
    "final_train_loss": 0.42847928404808044,
    "final_val_loss": 0.5587275624275208,
    "best_val_accuracy": 0.8044822216033936,
    "optimizer": "Adam",
    "initial_learning_rate": 0.001,
    "loss_function": "categorical_crossentropy"
}