{
    "accuracy": [
        0.33834585547447205,
        0.44727203249931335,
        0.5020242929458618,
        0.5249662399291992,
        0.5548486709594727,
        0.5644881725311279,
        0.5835742950439453,
        0.6080586314201355,
        0.6011182069778442,
        0.6132639050483704,
        0.5993830561637878,
        0.6269519925117493,
        0.6259880661964417,
        0.6340852379798889,
        0.6338924169540405,
        0.6317717432975769,
        0.6329284906387329,
        0.6510506868362427,
        0.6504723429679871,
        0.6450742483139038,
        0.6562560200691223,
        0.6664738655090332,
        0.6666666865348816,
        0.6712936162948608,
        0.6685945391654968,
        0.6755349636077881,
        0.6795835494995117,
        0.6861384510993958,
        0.6807402968406677,
        0.7002120614051819,
        0.7015615701675415,
        0.7031038999557495,
        0.7031038999557495,
        0.7144784927368164,
        0.7115866541862488,
        0.7090803980827332,
        0.7187198996543884,
        0.718141496181488,
        0.7349141836166382,
        0.7370349168777466
    ],
    "val_accuracy": [
        0.484544038772583,
        0.5517774224281311,
        0.5826893448829651,
        0.58809894323349,
        0.6097372770309448,
        0.6120556592941284,
        0.6190108060836792,
        0.6336939930915833,
        0.6306027770042419,
        0.6275116205215454,
        0.6267387866973877,
        0.6391035318374634,
        0.6599690914154053,
        0.6437403559684753,
        0.6530138850212097,
        0.6653786897659302,
        0.666924238204956,
        0.6638330817222595,
        0.6599690914154053,
        0.6754250526428223,
        0.682380199432373,
        0.6846985816955566,
        0.6862441897392273,
        0.6947450041770935,
        0.6901081800460815,
        0.6924265623092651,
        0.698608934879303,
        0.7001545429229736,
        0.7009273767471313,
        0.7024729251861572,
        0.7102009057998657,
        0.7109737396240234,
        0.7102009057998657,
        0.7086553573608398,
        0.7125193476676941,
        0.7163832783699036,
        0.7187017202377319,
        0.7217928767204285,
        0.7272024750709534,
        0.728748083114624
    ],
    "loss": [
        2.6446540355682373,
        2.438178062438965,
        2.3526008129119873,
        2.2988204956054688,
        2.244457960128784,
        2.206833839416504,
        2.1589419841766357,
        2.111509323120117,
        2.1127188205718994,
        2.083305835723877,
        2.07647705078125,
        2.0291316509246826,
        2.0167973041534424,
        2.0150320529937744,
        1.9897037744522095,
        1.9714605808258057,
        1.9831924438476562,
        1.9331108331680298,
        1.9355751276016235,
        1.925791621208191,
        1.9123222827911377,
        1.8953673839569092,
        1.8833130598068237,
        1.8683353662490845,
        1.8823930025100708,
        1.8626360893249512,
        1.8335589170455933,
        1.837926983833313,
        1.8200119733810425,
        1.8103508949279785,
        1.803249716758728,
        1.802678108215332,
        1.7925069332122803,
        1.7758492231369019,
        1.7842586040496826,
        1.7741540670394897,
        1.7596391439437866,
        1.7392123937606812,
        1.724966287612915,
        1.7135770320892334
    ],
    "val_loss": [
        2.310075283050537,
        2.2428700923919678,
        2.2058019638061523,
        2.1763691902160645,
        2.1454684734344482,
        2.140305519104004,
        2.134122133255005,
        2.1213908195495605,
        2.107041358947754,
        2.099703788757324,
        2.07464599609375,
        2.0648858547210693,
        2.0459346771240234,
        2.033806800842285,
        2.0174942016601562,
        2.003450870513916,
        1.982692837715149,
        1.9801974296569824,
        1.9640076160430908,
        1.9512101411819458,
        1.945249319076538,
        1.9387727975845337,
        1.9294184446334839,
        1.9231117963790894,
        1.9164540767669678,
        1.9075260162353516,
        1.900215744972229,
        1.893972396850586,
        1.886902093887329,
        1.8812261819839478,
        1.874551773071289,
        1.8697227239608765,
        1.8677822351455688,
        1.8615670204162598,
        1.8567487001419067,
        1.8503072261810303,
        1.8428120613098145,
        1.8418223857879639,
        1.8314794301986694,
        1.8312910795211792
    ]
}