{
    "accuracy": [
        0.309812992811203,
        0.4075573682785034,
        0.4547908306121826,
        0.49527665972709656,
        0.5126277208328247,
        0.5359552502632141,
        0.552727997303009,
        0.5438596606254578,
        0.5615962743759155,
        0.5721997022628784,
        0.5802968740463257,
        0.5866589546203613,
        0.5855022072792053,
        0.6038172245025635,
        0.6088297963142395,
        0.5560054183006287,
        0.5760555267333984,
        0.5853094458580017,
        0.6069018840789795,
        0.5955272912979126,
        0.6097937226295471,
        0.6153846383094788,
        0.6400616765022278,
        0.6221322417259216,
        0.6468093395233154,
        0.6427607536315918,
        0.646230936050415,
        0.6556776762008667,
        0.6581839323043823,
        0.6545209288597107,
        0.6674378514289856,
        0.660304605960846,
        0.6649315357208252,
        0.6737998723983765,
        0.6774628758430481,
        0.6815114617347717,
        0.690765380859375,
        0.6836321353912354,
        0.686523973941803,
        0.6969346404075623
    ],
    "val_accuracy": [
        0.44976815581321716,
        0.5656877756118774,
        0.5811437368392944,
        0.5958268642425537,
        0.6004636883735657,
        0.6004636883735657,
        0.6066460609436035,
        0.6120556592941284,
        0.6058732867240906,
        0.6105100512504578,
        0.6182380318641663,
        0.6136012077331543,
        0.6205564141273499,
        0.625193178653717,
        0.629830002784729,
        0.5710973739624023,
        0.5672333836555481,
        0.5788253545761108,
        0.6051004528999329,
        0.6221020221710205,
        0.6267387866973877,
        0.6375579833984375,
        0.6553323268890381,
        0.6522411108016968,
        0.6591963171958923,
        0.6684698462486267,
        0.672333836555481,
        0.6754250526428223,
        0.6684698462486267,
        0.6808346509933472,
        0.6754250526428223,
        0.6839258074760437,
        0.6862441897392273,
        0.6839258074760437,
        0.6924265623092651,
        0.6893354058265686,
        0.6962905526161194,
        0.6970633864402771,
        0.7001545429229736,
        0.6993817687034607
    ],
    "loss": [
        2.6878066062927246,
        2.4395267963409424,
        2.359849214553833,
        2.2908170223236084,
        2.242809534072876,
        2.199384927749634,
        2.162997007369995,
        2.1631295680999756,
        2.1227688789367676,
        2.084610939025879,
        2.055145502090454,
        2.061124563217163,
        2.044414758682251,
        2.0055322647094727,
        1.9723929166793823,
        2.099612236022949,
        2.0509486198425293,
        2.0129196643829346,
        1.98526132106781,
        1.9754012823104858,
        1.9341516494750977,
        1.9585379362106323,
        1.9116076231002808,
        1.9237827062606812,
        1.8876280784606934,
        1.874873161315918,
        1.8830159902572632,
        1.856412410736084,
        1.8568602800369263,
        1.866750955581665,
        1.8399032354354858,
        1.8385120630264282,
        1.8203257322311401,
        1.8276716470718384,
        1.809753656387329,
        1.8002264499664307,
        1.7930651903152466,
        1.797316551208496,
        1.7890417575836182,
        1.7748926877975464
    ],
    "val_loss": [
        2.278644561767578,
        2.1485097408294678,
        2.1166539192199707,
        2.089038610458374,
        2.0788567066192627,
        2.07441782951355,
        2.0590546131134033,
        2.0602924823760986,
        2.05706787109375,
        2.0473952293395996,
        2.0308589935302734,
        2.0250420570373535,
        2.015178680419922,
        2.002002239227295,
        1.9959930181503296,
        2.0873756408691406,
        2.079900026321411,
        2.0575668811798096,
        2.0164434909820557,
        1.9825698137283325,
        1.9740760326385498,
        1.9453694820404053,
        1.9213125705718994,
        1.9196856021881104,
        1.9042255878448486,
        1.8906974792480469,
        1.8805333375930786,
        1.8750643730163574,
        1.8682316541671753,
        1.8582895994186401,
        1.8538542985916138,
        1.8468331098556519,
        1.8430862426757812,
        1.8387919664382935,
        1.8340215682983398,
        1.8295222520828247,
        1.822749376296997,
        1.820608139038086,
        1.8174378871917725,
        1.8166617155075073
    ]
}