{
    "overall_accuracy": 0.6993817619783617,
    "per_class_metrics": {
        "Angry": {
            "precision": 0.5129310344827587,
            "recall": 0.4541984732824427,
            "f1_score": 0.4817813765182186,
            "support": 262
        },
        "Sad": {
            "precision": 0.773561811505508,
            "recall": 0.8040712468193384,
            "f1_score": 0.7885215221459763,
            "support": 786
        },
        "Surprise": {
            "precision": 0.6285714285714286,
            "recall": 0.6260162601626016,
            "f1_score": 0.6272912423625254,
            "support": 246
        }
    }
}